"Id";"Designator";"Footprint";"Quantity";"Designation";"Supplier and ref";
1;"C1, C8, C26, C27";"C_0805_2012Metric";4;"10uF";;;
2;"C2, C28, C29";"C_0603_1608Metric";3;"10uF";;;
3;"C3, C4";"C_0603_1608Metric";2;"0.1uF";;;
4;"C5";"C_0201_0603Metric";1;"4.7uF - Eth Reference Cap";;;
5;"C6";"C_0201_0603Metric";1;"22nF";;;
6;"C7";"C_0201_0603Metric";1;"0.1uF";;;
7;"C9";"C_Elec_6.3x7.7";1;"100uF - Electrolytic";;;
8;"C10";"C_0603_1608Metric";1;"100nF - Ceramic";;;
9;"C11, C12, C13, C14, C15, C16";"C_0402_1005Metric";6;"0.1uF";;;
10;"C17, C19";"C_0201_0603Metric";2;"6.8nF";;;
11;"C18";"C_0805_2012Metric";1;"10uF / 16V";;;
12;"C20, C23";"C_0201_0603Metric";2;"10nF";;;
13;"C21, C22";"C_0201_0603Metric";2;"18pF";;;
14;"C24";"C_0805_2012Metric";1;"1uF - Ceramic";;;
15;"C25";"C_0201_0603Metric";1;"100nF";;;
16;"C30, C31";"C_0805_2012Metric";2;"22uF";;;
17;"C32, C33, C34, C35";"C_0805_2012Metric";4;"1uF";;;
18;"C36, C37";"C_0402_1005Metric";2;"1uF";;;
19;"D1, D2, D3, D4, D5";"LED_0805_2012Metric";5;"LED VO-PT2012SEAC";;;
20;"D6";"LED_0603_1608Metric";1;"LED";;;
21;"GND";"";1;"";;;
22;"J1";"BarrelJack_CUI_PJ-102AH_Horizontal";1;"12";;;
23;"J2";"RJ45_Hanrun_HR911105A_Horizontal";1;"RJ45_Hanrun_HR911105A_Horizontal";;;
24;"J3";"PinHeader_1x04_P2.54mm_Vertical";1;"B4B-PH-SM4-TB";;;
25;"J10, J11, J12, J13, J14";"TerminalBlock_MaiXu_MX126-5.0-03P_1x03_P5.00mm";5;"Screw_Terminal_01x03";;;
26;"K1, K2, K3, K4, K5";"RELAY_G2R-1-E AC12_OMR";5;"G2R-1-E DC12";;;
27;"L1";"IND_BOURNS_MH1608";1;"MH1608-121Y";;;
28;"L3";"IND_XFL4020_COC-M";1;"XFL4020-152MEC";;;
29;"R1, R2, R3, R4, R5";"R_0603_1608Metric";5;"2.2k";;;
30;"R6";"R_0402_1005Metric";1;"12.4k 1% - Ethernet external reference";;;
31;"R7, R8, R16, R17";"R_0603_1608Metric";4;"33";;;
32;"R9, R15, R29";"R_0603_1608Metric";3;"330";;;
33;"R10, R11, R12, R13, R14";"R_0603_1608Metric";5;"100k";;;
34;"R18, R19, R21, R22";"R_0201_0603Metric";4;"49.9 1%";;;
35;"R20";"R_0201_0603Metric";1;"10 1%";;;
36;"R23";"R_0402_1005Metric";1;"0";;;
37;"R24";"R_0402_1005Metric";1;"1M";;;
38;"R25";"R_0603_1608Metric";1;"10k";;;
39;"R26";"R_0402_1005Metric";1;"10kΩ";;;
40;"R28";"R_0603_1608Metric";1;"100kΩ";;;
41;"SW5";"SW_PUSH_6mm_H5mm";1;"ENABLE";;;
42;"SW6";"SW_PUSH_6mm_H5mm";1;"RESET";;;
43;"U1";"ESP32-WROOM-32UE";1;"ESP32-WROOM-32UE";;;
44;"U2";"SOIC-18W_7.5x11.6mm_P1.27mm";1;"ULN2803A";;;
45;"U3";"LQFP-48_7x7mm_P0.5mm";1;"W5500";;;
46;"U4";"Fuse_1206_3216Metric";1;"3A 32V";;;
47;"U5";"RNM0015A";1;"TPS630701RNMR";;;
48;"U7";"DRV0006A_NV";1;"TVS1800DRVR";;;
49;"U9, U10";"TLV1117-33IDCYR";2;"TLV1117LV33DCYR";;;
50;"Y2";"Crystal_SMD_Abracon_ABM3C-4Pin_5.0x3.2mm";1;"ABM3C-25.000MHZ-D4Y-T";;;
