Ref,Val,Package,PosX,PosY,Rot,Side
"C6","22nF","C_0201_0603Metric",66.000000,-109.100000,-90.000000,bottom
"C7","0.1uF","C_0201_0603Metric",51.950000,-82.530000,90.000000,bottom
"C11","0.1uF","C_0402_1005Metric",50.200000,-78.350000,0.000000,bottom
"C12","0.1uF","C_0402_1005Metric",55.700000,-72.850000,-90.000000,bottom
"C13","0.1uF","C_0402_1005Metric",50.964000,-72.802800,-90.000000,bottom
"C14","0.1uF","C_0402_1005Metric",50.220000,-76.350000,0.000000,bottom
"C15","0.1uF","C_0402_1005Metric",53.700000,-72.870000,-90.000000,bottom
"C16","0.1uF","C_0402_1005Metric",50.220000,-75.350000,0.000000,bottom
"C23","10nF","C_0201_0603Metric",50.444493,-79.350000,0.000000,bottom
"R6","12.4k 1% - Ethernet external reference","R_0402_1005Metric",51.750000,-70.000000,90.000000,bottom
"R20","10 1%","R_0201_0603Metric",64.055000,-96.150000,0.000000,bottom
"C1","10uF","C_0805_2012Metric",64.000000,-75.200000,0.000000,top
"C2","10uF","C_0603_1608Metric",65.100000,-81.170000,90.000000,top
"C3","0.1uF","C_0603_1608Metric",66.850000,-81.170000,90.000000,top
"C4","0.1uF","C_0603_1608Metric",68.500000,-81.170000,90.000000,top
"C5","4.7uF - Eth Reference Cap","C_0201_0603Metric",48.700000,-77.505000,90.000000,top
"C8","10uF","C_0805_2012Metric",44.750000,-67.000000,180.000000,top
"C9","100uF - Electrolytic","C_Elec_6.3x7.7",70.000000,-43.339493,90.000000,top
"C10","100nF - Ceramic","C_0603_1608Metric",65.500000,-46.089493,90.000000,top
"C17","6.8nF","C_0201_0603Metric",47.450000,-85.705000,-90.000000,top
"C18","10uF / 16V","C_0805_2012Metric",50.000000,-67.250000,0.000000,top
"C19","6.8nF","C_0201_0603Metric",48.300000,-85.400000,-90.000000,top
"C20","10nF","C_0201_0603Metric",67.300000,-104.900000,180.000000,top
"C21","18pF","C_0201_0603Metric",57.200000,-89.600000,-90.000000,top
"C22","18pF","C_0201_0603Metric",51.355000,-85.350000,180.000000,top
"C24","1uF - Ceramic","C_0805_2012Metric",73.750000,-48.839493,0.000000,top
"C25","100nF","C_0201_0603Metric",68.120000,-52.349493,180.000000,top
"C26","10uF","C_0805_2012Metric",73.770000,-51.149493,0.000000,top
"C27","10uF","C_0805_2012Metric",73.720000,-53.399493,0.000000,top
"C28","10uF","C_0603_1608Metric",71.870002,-56.099493,-90.000000,top
"C29","10uF","C_0603_1608Metric",65.120000,-56.749493,-90.000000,top
"C30","22uF","C_0805_2012Metric",63.120000,-56.799493,-90.000000,top
"C31","22uF","C_0805_2012Metric",60.870000,-56.799493,-90.000000,top
"C32","1uF","C_0805_2012Metric",56.500000,-55.000000,90.000000,top
"C33","1uF","C_0805_2012Metric",61.250000,-64.793661,90.000000,top
"C34","1uF","C_0805_2012Metric",48.250000,-63.250000,0.000000,top
"C35","1uF","C_0805_2012Metric",64.000000,-77.300000,0.000000,top
"C36","1uF","C_0402_1005Metric",67.520000,-84.963000,180.000000,top
"C37","1uF","C_0402_1005Metric",67.500000,-86.250000,180.000000,top
"D1","LED VO-PT2012SEAC","LED_0805_2012Metric",101.000000,-44.750000,0.000000,top
"D2","LED VO-PT2012SEAC","LED_0805_2012Metric",100.750000,-61.500000,0.000000,top
"D3","LED VO-PT2012SEAC","LED_0805_2012Metric",100.730000,-78.250000,0.000000,top
"D4","LED VO-PT2012SEAC","LED_0805_2012Metric",100.500000,-95.500000,0.000000,top
"D5","LED VO-PT2012SEAC","LED_0805_2012Metric",100.750000,-112.750000,0.000000,top
"D6","LED","LED_0603_1608Metric",64.750000,-85.000000,180.000000,top
"F1","0685T5000","Fuse_1206_3216Metric",135.750000,-46.600000,0.000000,top
"F2","0685T5000","Fuse_1206_3216Metric",135.750000,-63.800000,0.000000,top
"F3","0685T5000-01","Fuse_1206_3216Metric",136.000000,-80.500000,0.000000,top
"F4","0685T5000-01","Fuse_1206_3216Metric",135.686800,-97.282000,0.000000,top
"F5","0685T5000","Fuse_1206_3216Metric",135.700000,-114.500000,0.000000,top
"GND","","",59.500000,-51.839493,0.000000,top
"J1","12","BarrelJack_CUI_PJ-102AH_Horizontal",54.250000,-47.339493,-90.000000,top
"J2","RJ45_Hanrun_HR911105A_Horizontal","RJ45_Hanrun_HR911105A_Horizontal",58.860000,-103.625000,-90.000000,top
"J3","B4B-PH-SM4-TB","PinHeader_1x04_P2.54mm_Vertical",73.500000,-77.060000,180.000000,top
"J5","TC2030","Tag-Connect_TC2030-IDC-NL_2x03_P1.27mm_Vertical",73.750000,-103.135000,0.000000,top
"J10","Screw_Terminal_01x03","TerminalBlock_MaiXu_MX126-5.0-03P_1x03_P5.00mm",143.500000,-51.500000,90.000000,top
"J11","Screw_Terminal_01x03","TerminalBlock_MaiXu_MX126-5.0-03P_1x03_P5.00mm",143.771100,-68.500000,90.000000,top
"J12","Screw_Terminal_01x03","TerminalBlock_MaiXu_MX126-5.0-03P_1x03_P5.00mm",143.750000,-85.000000,90.000000,top
"J13","Screw_Terminal_01x03","TerminalBlock_MaiXu_MX126-5.0-03P_1x03_P5.00mm",143.750000,-102.000000,90.000000,top
"J14","Screw_Terminal_01x03","TerminalBlock_MaiXu_MX126-5.0-03P_1x03_P5.00mm",143.713200,-119.500000,90.000000,top
"K10","G2RL-1-E","Relay_SPDT_Omron_G2RL-1-E",105.597800,-50.288600,90.000000,top
"K11","G2RL-1-E","Relay_SPDT_Omron_G2RL-1-E",105.343800,-66.544600,90.000000,top
"K12","G2RL-1-E","Relay_SPDT_Omron_G2RL-1-E",105.191400,-83.705000,90.000000,top
"K13","G2RL-1-E","Relay_SPDT_Omron_G2RL-1-E",105.242200,-100.936200,90.000000,top
"K14","G2RL-1-E","Relay_SPDT_Omron_G2RL-1-E",105.343800,-118.005000,90.000000,top
"L1","MH1608-121Y","IND_BOURNS_MH1608",48.250000,-65.250000,0.000000,top
"L3","XFL4020-152MEC","IND_XFL4020_COC-M",68.620000,-60.749493,0.000000,top
"R1","2.2k","R_0603_1608Metric",101.121800,-42.819600,0.000000,top
"R2","2.2k","R_0603_1608Metric",100.613800,-59.164600,0.000000,top
"R3","2.2k","R_0603_1608Metric",100.461400,-76.220800,0.000000,top
"R4","2.2k","R_0603_1608Metric",100.873800,-110.525000,0.000000,top
"R5","2.2k","R_0603_1608Metric",100.447200,-93.406200,0.000000,top
"R7","33","R_0603_1608Metric",43.950000,-85.100000,-90.000000,top
"R8","33","R_0603_1608Metric",45.450000,-85.100000,-90.000000,top
"R9","330","R_0603_1608Metric",44.975000,-97.950000,180.000000,top
"R10","100k","R_0603_1608Metric",76.200000,-66.548000,180.000000,top
"R11","100k","R_0603_1608Metric",76.200000,-64.897000,180.000000,top
"R12","100k","R_0603_1608Metric",76.200000,-63.246000,180.000000,top
"R13","100k","R_0603_1608Metric",76.200000,-61.595000,180.000000,top
"R14","100k","R_0603_1608Metric",76.200000,-59.944000,180.000000,top
"R15","330","R_0603_1608Metric",50.800000,-117.950000,180.000000,top
"R16","33","R_0603_1608Metric",45.700000,-72.850000,-90.000000,top
"R17","33","R_0603_1608Metric",47.200000,-72.850000,-90.000000,top
"R18","49.9 1%","R_0201_0603Metric",47.380000,-96.600000,0.000000,top
"R19","49.9 1%","R_0201_0603Metric",48.750000,-95.800000,180.000000,top
"R21","49.9 1%","R_0201_0603Metric",47.200000,-81.800000,180.000000,top
"R22","49.9 1%","R_0201_0603Metric",48.400000,-81.150000,0.000000,top
"R23","0","R_0402_1005Metric",57.200000,-87.350000,-90.000000,top
"R24","1M","R_0402_1005Metric",54.282475,-84.211431,180.000000,top
"R25","10k","R_0603_1608Metric",69.970000,-50.399493,0.000000,top
"R26","10kΩ","R_0402_1005Metric",67.425000,-83.300000,0.000000,top
"R28","100kΩ","R_0603_1608Metric",64.370000,-53.349493,90.000000,top
"R29","330","R_0603_1608Metric",61.750000,-83.500000,-90.000000,top
"SW5","ENABLE","SW_PUSH_6mm_H5mm",82.750000,-112.000000,180.000000,top
"SW6","RESET","SW_PUSH_6mm_H5mm",86.500000,-107.500000,0.000000,top
"U1","ESP32-WROOM-32UE","ESP32-WROOM-32UE",79.250000,-89.140000,0.000000,top
"U2","ULN2803A","SOIC-18W_7.5x11.6mm_P1.27mm",88.646000,-64.008000,0.000000,top
"U3","W5500","LQFP-48_7x7mm_P0.5mm",54.450000,-77.100000,-90.000000,top
"U4","3A 32V","Fuse_1206_3216Metric",62.250000,-46.839493,0.000000,top
"U5","TPS630701RNMR","RNM0015A",68.870000,-54.499493,-90.000000,top
"U7","TVS1800DRVR","DRV0006A_NV",58.099999,-45.364494,-90.000000,top
"U9","TLV1117LV33DCYR","TLV1117-33IDCYR",66.421200,-69.388000,-90.000000,top
"U10","TLV1117LV33DCYR","TLV1117-33IDCYR",50.575000,-58.300000,180.000000,top
"Y2","ABM3C-25.000MHZ-D4Y-T","CRYSTAL_ABM3C_ABR-M",53.550000,-88.100000,180.000000,top
